Area,Quartos,Banheiros,Idade,Distancia,Preco,AreaEx,QuartosEx,BanheirosEx,IdadeEx,DistanciaEx,PrecoEx
32,2,2,34,"30,00","147.688,39","0,1230769231","0,4","0,5","0,5762711864",1,"0,125232488"
43,2,2,12,"18,06","254.025,73","0,1653846154","0,4","0,5","0,2033898305","0,602","0,2154013201"
52,2,1,22,"10,71","239.771,61","0,2","0,4","0,25","0,3728813559","0,357","0,2033145277"
46,2,2,18,"11,37","269.681,22","0,1769230769","0,4","0,5","0,3050847458","0,379","0,2286764054"
51,2,1,32,"4,82","275.163,62","0,1961538462","0,4","0,25","0,5423728814","0,1606666667","0,2333252108"
62,3,2,17,"14,56","380.741,24","0,2384615385","0,6","0,5","0,2881355932","0,4853333333","0,3228498378"
74,3,2,24,"14,90","356.067,89","0,2846153846","0,6","0,5","0,406779661","0,4966666667","0,301928051"
86,3,2,8,"13,32","466.914,45","0,3307692308","0,6","0,5","0,1355932203","0,444","0,3959204799"
95,4,3,17,"28,39","456.615,30","0,3653846154","0,8","0,75","0,2881355932","0,9463333333","0,3871873074"
105,3,2,30,"8,12","487.805,92","0,4038461538","0,6","0,5","0,5084745763","0,2706666667","0,4136354185"
100,3,2,8,"14,99","462.876,91","0,3846153846","0,6","0,5","0,1355932203","0,4996666667","0,3924968446"
97,4,3,8,"14,61","574.290,53","0,3730769231","0,8","0,75","0,1355932203","0,487","0,4869701125"
108,4,3,16,"17,20","569.040,41","0,4153846154","0,8","0,75","0,2711864407","0,5733333333","0,482518269"
117,4,2,42,"7,87","607.904,94","0,45","0,8","0,5","0,7118644068","0,2623333333","0,5154734782"
111,3,2,8,"14,28","522.346,22","0,4269230769","0,6","0,5","0,1355932203","0,476","0,4429238934"
120,4,2,4,"8,31","625.177,84","0,4615384615","0,8","0,5","0,06779661017","0,277","0,5301200475"
130,4,2,6,"25,23","555.570,00","0,5","0,8","0,5","0,1016949153","0,841","0,4710960241"
127,4,3,8,"21,90","634.675,37","0,4884615385","0,8","0,75","0,1355932203","0,73","0,5381734857"
129,4,2,40,"15,97","552.256,66","0,4961538462","0,8","0,5","0,6779661017","0,5323333333","0,4682864749"
131,4,2,13,"3,78","694.172,59","0,5038461538","0,8","0,5","0,2203389831","0,126","0,5886242008"
138,3,2,22,"14,54","596.453,34","0,5307692308","0,6","0,5","0,3728813559","0,4846666667","0,5057630849"
134,3,2,15,"4,56","606.714,14","0,5153846154","0,6","0,5","0,2542372881","0,152","0,5144637384"
145,5,4,18,"1,25","839.820,69","0,5576923077",1,1,"0,3050847458","0,04166666667","0,7121266232"
157,5,4,6,"21,95","744.300,52","0,6038461538",1,1,"0,1016949153","0,7316666667","0,6311302189"
158,5,4,29,"21,90","737.967,61","0,6076923077",1,1,"0,4915254237","0,73","0,6257602229"
165,4,2,29,"24,58","692.135,13","0,6346153846","0,8","0,5","0,4915254237","0,8193333333","0,5868965349"
168,5,2,23,"7,07","777.125,23","0,6461538462",1,"0,5","0,3898305085","0,2356666667","0,6589639579"
165,5,2,4,"2,15","833.511,25","0,6346153846",1,"0,5","0,06779661017","0,07166666667","0,7067765285"
170,4,2,7,"9,69","764.134,99","0,6538461538","0,8","0,5","0,1186440678","0,323","0,6479488736"
167,5,2,17,"17,93","778.209,70","0,6423076923",1,"0,5","0,2881355932","0,5976666667","0,6598835351"
165,4,2,8,"7,65","784.781,79","0,6346153846","0,8","0,5","0,1355932203","0,255","0,6654563441"
176,5,2,8,"6,53","882.545,88","0,6769230769",1,"0,5","0,1355932203","0,2176666667","0,7483554821"
171,4,2,29,"15,74","740.756,42","0,6576923077","0,8","0,5","0,4915254237","0,5246666667","0,6281249965"
165,4,3,5,"16,30","775.718,63","0,6346153846","0,8","0,75","0,08474576271","0,5433333333","0,6577712304"
175,4,2,13,"8,98","792.914,76","0,6730769231","0,8","0,5","0,2203389831","0,2993333333","0,6723527025"
171,5,2,11,"6,39","812.300,65","0,6576923077",1,"0,5","0,186440678","0,213","0,6887909834"
179,5,2,16,"16,35","800.500,80","0,6884615385",1,"0,5","0,2711864407","0,545","0,6787852912"
189,5,2,25,"26,35","757.473,44","0,7269230769",1,"0,5","0,4237288136","0,8783333333","0,642300207"
185,5,4,10,"25,42","862.064,97","0,7115384615",1,1,"0,1694915254","0,8473333333","0,7309886782"
184,4,2,31,"26,51","701.667,12","0,7076923077","0,8","0,5","0,5254237288","0,8836666667","0,5949791934"
196,4,2,10,"23,00","803.767,93","0,7538461538","0,8","0,5","0,1694915254","0,7666666667","0,6815556566"
208,5,4,11,"8,78","1.000.945,39","0,8",1,1,"0,186440678","0,2926666667","0,8487524409"
205,5,2,25,"21,53","870.681,89","0,7884615385",1,"0,5","0,4237288136","0,7176666667","0,7382954023"
204,4,3,15,"10,25","909.167,60","0,7846153846","0,8","0,75","0,2542372881","0,3416666667","0,7709293908"
200,5,2,22,"1,64","968.326,55","0,7692307692",1,"0,5","0,3728813559","0,05466666667","0,8210932696"
202,5,2,25,"3,02","920.661,78","0,7769230769",1,"0,5","0,4237288136","0,1006666667","0,7806758899"
205,4,2,11,"28,48","776.525,48","0,7884615385","0,8","0,5","0,186440678","0,9493333333","0,6584553995"
213,4,2,3,"9,92","896.410,54","0,8192307692","0,8","0,5","0,05084745763","0,3306666667","0,7601120316"
221,5,4,31,"26,94","938.910,26","0,85",1,1,"0,5254237288","0,898","0,796149703"
223,5,2,5,"28,61","881.270,25","0,8576923077",1,"0,5","0,08474576271","0,9536666667","0,7472738106"
230,4,2,14,"29,24","881.341,02","0,8846153846","0,8","0,5","0,2372881356","0,9746666667","0,7473338201"
227,5,2,8,"10,17","1.025.523,23","0,8730769231",1,"0,5","0,1355932203","0,339","0,86959324"
238,5,2,0,"3,82","1.081.063,92","0,9153846154",1,"0,5",0,"0,1273333333","0,9166890123"
235,4,2,10,"16,25","954.286,68","0,9038461538","0,8","0,5","0,1694915254","0,5416666667","0,8091881506"
238,4,2,8,"12,10","962.231,42","0,9153846154","0,8","0,5","0,1355932203","0,4033333333","0,8159248992"
245,4,2,12,"6,31","996.377,20","0,9423076923","0,8","0,5","0,2033898305","0,2103333333","0,8448788406"
256,5,2,19,"1,62","1.127.556,50","0,9846153846",1,"0,5","0,3220338983","0,054","0,9561124325"
137,4,2,9,"28,65","576.875,54","0,5269230769","0,8","0,5","0,1525423729","0,955","0,4891620738"
136,3,2,32,"25,75","508.349,91","0,5230769231","0,6","0,5","0,5423728814","0,8583333333","0,4310557112"
146,5,2,1,"19,94","659.410,65","0,5615384615",1,"0,5","0,01694915254","0,6646666667","0,559147786"
147,5,2,35,"27,10","658.886,07","0,5653846154",1,"0,5","0,593220339","0,9033333333","0,558702968"
153,5,2,14,"17,53","701.147,34","0,5884615385",1,"0,5","0,2372881356","0,5843333333","0,5945384456"
153,5,2,5,"24,60","715.971,56","0,5884615385",1,"0,5","0,08474576271","0,82","0,6071086547"
165,5,2,21,"5,87","803.313,68","0,6346153846",1,"0,5","0,3559322034","0,1956666667","0,681170475"
174,4,2,26,"22,09","728.207,65","0,6692307692","0,8","0,5","0,4406779661","0,7363333333","0,617484257"
173,4,2,2,"11,56","796.858,58","0,6653846154","0,8","0,5","0,03389830508","0,3853333333","0,6756968678"
171,4,2,4,"21,15","709.089,74","0,6576923077","0,8","0,5","0,06779661017","0,705","0,60127321"
166,5,2,13,"16,83","795.960,15","0,6384615385",1,"0,5","0,2203389831","0,561","0,6749350434"
165,4,2,25,"17,48","690.333,38","0,6346153846","0,8","0,5","0,4237288136","0,5826666667","0,5853687396"
177,4,2,27,"27,92","671.586,43","0,6807692308","0,8","0,5","0,4576271186","0,9306666667","0,5694722484"
180,5,2,25,"23,37","728.637,42","0,6923076923",1,"0,5","0,4237288136","0,779","0,6178486808"
189,5,2,16,"24,99","819.600,91","0,7269230769",1,"0,5","0,2711864407","0,833","0,6949812446"
200,4,3,10,"16,74","837.427,66","0,7692307692","0,8","0,75","0,1694915254","0,558","0,7100974515"
197,4,2,17,"2,94","874.997,41","0,7576923077","0,8","0,5","0,2881355932","0,098","0,741954751"
208,4,3,13,"29,99","813.871,54","0,8","0,8","0,75","0,2203389831","0,9996666667","0,6901230208"
204,5,2,14,"19,17","881.844,19","0,7846153846",1,"0,5","0,2372881356","0,639","0,7477604835"
209,5,2,28,"25,88","852.871,38","0,8038461538",1,"0,5","0,4745762712","0,8626666667","0,7231929662"
217,5,2,28,"3,47","1.015.437,79","0,8346153846",1,"0,5","0,4745762712","0,1156666667","0,8610412831"
226,5,2,18,"10,69","982.851,05","0,8692307692",1,"0,5","0,3050847458","0,3563333333","0,8334093309"
230,5,4,9,"20,18","1.009.487,60","0,8846153846",1,1,"0,1525423729","0,6726666667","0,8559958147"
234,4,2,20,"21,50","897.398,26","0,9","0,8","0,5","0,3389830508","0,7166666667","0,7609495696"
239,5,4,10,"12,09","1.055.738,50","0,9192307692",1,1,"0,1694915254","0,403","0,8952143022"
251,4,2,15,"10,44","1.048.294,61","0,9653846154","0,8","0,5","0,2542372881","0,348","0,8889022498"
259,5,2,40,"17,91","1.014.440,38","0,9961538462",1,"0,5","0,6779661017","0,597","0,8601955285"
106,3,2,14,"12,80","473.560,46","0,4076923077","0,6","0,5","0,2372881356","0,4266666667","0,4015559694"
110,4,2,30,"4,30","610.340,78","0,4230769231","0,8","0,5","0,5084745763","0,1433333333","0,5175389507"
119,3,2,11,"28,09","487.542,53","0,4576923077","0,6","0,5","0,186440678","0,9363333333","0,4134120768"
113,4,3,26,"22,07","514.577,94","0,4346153846","0,8","0,75","0,4406779661","0,7356666667","0,4363367742"
125,4,2,26,"1,71","674.716,91","0,4807692308","0,8","0,5","0,4406779661","0,057","0,5721267414"
122,4,2,6,"1,22","647.301,70","0,4692307692","0,8","0,5","0,1016949153","0,04066666667","0,5488799922"
130,4,3,14,"21,39","611.899,29","0,5","0,8","0,75","0,2372881356","0,713","0,5188604905"
124,3,2,14,"10,70","555.918,30","0,4769230769","0,6","0,5","0,2372881356","0,3566666667","0,4713913654"
132,3,2,9,"3,29","638.384,73","0,5076923077","0,6","0,5","0,1525423729","0,1096666667","0,5413188404"
142,4,2,1,"1,37","766.108,04","0,5461538462","0,8","0,5","0,01694915254","0,04566666667","0,6496219229"
137,3,2,14,"30,00","545.532,27","0,5269230769","0,6","0,5","0,2372881356",1,"0,462584523"
141,5,2,17,"10,44","711.190,47","0,5423076923",1,"0,5","0,2881355932","0,348","0,6030545257"
150,5,2,31,"2,18","793.390,58","0,5769230769",1,"0,5","0,5254237288","0,07266666667","0,6727561744"
152,5,2,21,"12,04","736.752,56","0,5846153846",1,"0,5","0,3559322034","0,4013333333","0,6247299203"
158,5,2,1,"25,99","716.364,36","0,6076923077",1,"0,5","0,01694915254","0,8663333333","0,6074417298"
168,5,2,7,"18,92","788.629,48","0,6461538462",1,"0,5","0,1186440678","0,6306666667","0,6687189959"
178,5,2,13,"6,28","890.463,94","0,6846153846",1,"0,5","0,2203389831","0,2093333333","0,7550696074"
177,5,4,27,"16,76","833.746,00","0,6807692308",1,1,"0,4576271186","0,5586666667","0,706975585"
174,4,2,9,"15,79","757.452,37","0,6692307692","0,8","0,5","0,1525423729","0,5263333333","0,6422823406"
184,4,2,19,"24,02","750.943,20","0,7076923077","0,8","0,5","0,3220338983","0,8006666667","0,6367628847"
182,5,2,29,"19,62","788.012,56","0,7",1,"0,5","0,4915254237","0,654","0,6681958781"
180,4,3,17,"5,31","870.900,08","0,6923076923","0,8","0,75","0,2881355932","0,177","0,7384804167"
192,4,3,24,"10,13","879.499,96","0,7384615385","0,8","0,75","0,406779661","0,3376666667","0,7457726918"
190,5,4,10,"21,28","849.303,26","0,7307692308",1,1,"0,1694915254","0,7093333333","0,720167376"
189,4,3,25,"5,87","878.661,76","0,7269230769","0,8","0,75","0,4237288136","0,1956666667","0,7450619395"
198,4,2,20,"7,68","855.154,98","0,7615384615","0,8","0,5","0,3389830508","0,256","0,7251293466"
209,4,2,12,"27,45","779.455,21","0,8038461538","0,8","0,5","0,2033898305","0,915","0,6609396663"
219,4,2,6,"0,92","951.241,92","0,8423076923","0,8","0,5","0,1016949153","0,03066666667","0,806606344"
231,5,2,18,"6,74","1.041.103,81","0,8884615385",1,"0,5","0,3050847458","0,2246666667","0,8828048052"
238,5,2,10,"25,41","928.414,84","0,9153846154",1,"0,5","0,1694915254","0,847","0,7872501033"
239,5,2,7,"26,41","967.645,68","0,9192307692",1,"0,5","0,1186440678","0,8803333333","0,8205159253"
247,5,4,28,"7,60","1.099.289,51","0,95",1,1,"0,4745762712","0,2533333333","0,9321434159"
255,5,2,23,"7,03","1.107.667,70","0,9807692308",1,"0,5","0,3898305085","0,2343333333","0,9392477087"
260,4,2,12,"5,98","1.088.981,37",1,"0,8","0,5","0,2033898305","0,1993333333","0,9234026203"
260,5,2,11,"27,29","1.020.591,38",1,1,"0,5","0,186440678","0,9096666667","0,8654112738"
143,5,2,16,"1,31","768.859,22","0,55",1,"0,5","0,2711864407","0,04366666667","0,6519547882"
145,5,2,23,"5,51","726.229,40","0,5576923077",1,"0,5","0,3898305085","0,1836666667","0,6158067983"
150,5,2,17,"19,02","703.308,65","0,5769230769",1,"0,5","0,2881355932","0,634","0,5963711301"
161,5,2,22,"15,06","751.314,82","0,6192307692",1,"0,5","0,3728813559","0,502","0,6370780002"
171,4,2,17,"9,82","740.473,98","0,6576923077","0,8","0,5","0,2881355932","0,3273333333","0,6278855013"
166,4,3,31,"12,93","763.246,84","0,6384615385","0,8","0,75","0,5254237288","0,431","0,6471957661"
178,5,4,10,"14,95","836.397,64","0,6846153846",1,1,"0,1694915254","0,4983333333","0,7092240452"
182,4,2,22,"17,01","745.994,38","0,7","0,8","0,5","0,3728813559","0,567","0,6325665289"
177,4,3,21,"16,56","794.658,72","0,6807692308","0,8","0,75","0,3559322034","0,552","0,6738314948"
181,4,2,26,"22,52","725.502,78","0,6961538462","0,8","0,5","0,4406779661","0,7506666667","0,6151906603"
182,5,2,15,"16,17","840.206,49","0,7",1,"0,5","0,2542372881","0,539","0,7124537626"
189,4,2,18,"6,66","815.928,20","0,7269230769","0,8","0,5","0,3050847458","0,222","0,6918669673"
198,5,2,25,"16,97","853.782,85","0,7615384615",1,"0,5","0,4237288136","0,5656666667","0,7239658479"
198,5,4,31,"5,67","945.088,52","0,7615384615",1,1,"0,5254237288","0,189","0,8013885635"
208,5,2,20,"23,79","880.346,28","0,8",1,"0,5","0,3389830508","0,793","0,7464903295"
220,4,2,6,"28,82","811.287,68","0,8461538462","0,8","0,5","0,1016949153","0,9606666667","0,6879320346"
225,4,3,9,"3,04","989.996,39","0,8653846154","0,8","0,75","0,1525423729","0,1013333333","0,8394682277"
231,4,2,22,"30,00","834.502,10","0,8884615385","0,8","0,5","0,3728813559",1,"0,7076167206"
226,5,2,6,"16,18","993.515,87","0,8692307692",1,"0,5","0,1016949153","0,5393333333","0,8424525735"
222,5,2,21,"22,05","917.001,88","0,8538461538",1,"0,5","0,3559322034","0,735","0,7775724748"
233,4,2,16,"17,25","897.990,15","0,8961538462","0,8","0,5","0,2711864407","0,575","0,7614514632"
241,4,2,0,"1,89","1.021.748,27","0,9269230769","0,8","0,5",0,"0,063","0,8663922596"
237,5,2,7,"0,95","1.086.402,29","0,9115384615",1,"0,5","0,1186440678","0,03166666667","0,9212156874"
232,5,2,34,"17,76","953.769,76","0,8923076923",1,"0,5","0,5762711864","0,592","0,8087498279"
242,4,2,26,"25,56","910.004,96","0,9307692308","0,8","0,5","0,4406779661","0,852","0,7716394309"
243,5,2,20,"13,37","1.024.987,73","0,9346153846",1,"0,5","0,3389830508","0,4456666667","0,8691391623"
251,4,2,19,"8,12","1.037.018,18","0,9653846154","0,8","0,5","0,3220338983","0,2706666667","0,879340392"
156,5,2,35,"15,48","684.529,94","0,6",1,"0,5","0,593220339","0,516","0,580447708"
152,4,3,16,"26,48","670.831,19","0,5846153846","0,8","0,75","0,2711864407","0,8826666667","0,568831842"
161,4,3,20,"17,40","698.428,10","0,6192307692","0,8","0,75","0,3389830508","0,58","0,5922326639"
167,4,3,10,"15,52","756.000,05","0,6423076923","0,8","0,75","0,1694915254","0,5173333333","0,6410508447"
179,5,4,22,"21,34","795.502,89","0,6884615385",1,1,"0,3728813559","0,7113333333","0,6745473094"
181,4,2,16,"12,16","772.701,10","0,6961538462","0,8","0,5","0,2711864407","0,4053333333","0,6552125134"
184,4,2,17,"1,91","881.985,09","0,7076923077","0,8","0,5","0,2881355932","0,06366666667","0,7478799598"
183,5,4,16,"3,90","949.434,03","0,7038461538",1,1,"0,2711864407","0,13","0,8050733422"
182,5,2,18,"16,66","785.902,34","0,7",1,"0,5","0,3050847458","0,5553333333","0,6664065154"
184,4,2,18,"19,05","793.928,07","0,7076923077","0,8","0,5","0,3050847458","0,635","0,6732119395"
190,4,2,13,"25,48","748.872,92","0,7307692308","0,8","0,5","0,2203389831","0,8493333333","0,6350073892"
186,5,2,15,"13,94","836.292,48","0,7153846154",1,"0,5","0,2542372881","0,4646666667","0,7091348747"
189,5,2,17,"9,81","856.408,48","0,7269230769",1,"0,5","0,2881355932","0,327","0,726192253"
188,4,3,5,"16,83","805.904,40","0,7230769231","0,8","0,75","0,08474576271","0,561","0,6833672781"
191,5,2,29,"6,36","855.133,47","0,7346153846",1,"0,5","0,4915254237","0,212","0,7251111072"
197,4,3,4,"10,52","891.650,91","0,7576923077","0,8","0,75","0,06779661017","0,3506666667","0,7560760995"
197,5,4,6,"8,48","993.498,71","0,7576923077",1,1,"0,1016949153","0,2826666667","0,8424380227"
205,4,2,15,"16,01","815.869,36","0,7884615385","0,8","0,5","0,2542372881","0,5336666667","0,6918170738"
205,5,2,28,"5,12","969.247,49","0,7884615385",1,"0,5","0,4745762712","0,1706666667","0,8218741814"
214,4,3,3,"9,66","916.399,33","0,8230769231","0,8","0,75","0,05084745763","0,322","0,777061542"
224,5,4,14,"30,00","944.260,62","0,8615384615",1,1,"0,2372881356",1,"0,8006865451"
235,5,4,29,"25,98","985.802,88","0,9038461538",1,1,"0,4915254237","0,866","0,8359123375"
240,5,2,16,"16,54","990.710,74","0,9230769231",1,"0,5","0,2711864407","0,5513333333","0,8400739613"
245,4,3,17,"18,31","980.423,96","0,9423076923","0,8","0,75","0,2881355932","0,6103333333","0,831351278"
239,4,2,21,"12,81","1.003.113,06","0,9192307692","0,8","0,5","0,3559322034","0,427","0,8505905184"
238,5,4,31,"7,12","1.050.851,19","0,9153846154",1,1,"0,5254237288","0,2373333333","0,8910701038"
234,4,2,19,"18,88","932.038,52","0,9","0,8","0,5","0,3220338983","0,6293333333","0,7903228056"
231,5,2,24,"10,78","1.020.367,64","0,8884615385",1,"0,5","0,406779661","0,3593333333","0,8652215533"
228,4,2,10,"13,04","951.847,23","0,8769230769","0,8","0,5","0,1694915254","0,4346666667","0,8071196171"
228,5,2,6,"18,24","934.075,01","0,8769230769",1,"0,5","0,1016949153","0,608","0,7920496489"
233,4,2,9,"27,82","911.106,70","0,8961538462","0,8","0,5","0,1525423729","0,9273333333","0,7725736522"
244,5,2,28,"4,12","1.078.178,68","0,9384615385",1,"0,5","0,4745762712","0,1373333333","0,9142424707"
251,4,2,4,"11,00","1.003.298,01","0,9653846154","0,8","0,5","0,06779661017","0,3666666667","0,8507473469"
246,5,2,18,"13,73","1.000.412,13","0,9461538462",1,"0,5","0,3050847458","0,4576666667","0,8483002627"
257,4,2,40,"2,16","1.039.083,18","0,9884615385","0,8","0,5","0,6779661017","0,072","0,8810914104"
260,5,2,36,"24,88","1.014.864,36",1,1,"0,5","0,6101694915","0,8293333333","0,8605550426"
89,3,2,35,"9,46","445.992,69","0,3423076923","0,6","0,5","0,593220339","0,3153333333","0,3781798568"
101,4,2,28,"23,31","473.126,75","0,3884615385","0,8","0,5","0,4745762712","0,777","0,4011882046"
100,4,2,34,"17,19","474.321,60","0,3846153846","0,8","0,5","0,5762711864","0,573","0,4022013786"
102,3,2,21,"28,71","421.155,81","0,3923076923","0,6","0,5","0,3559322034","0,957","0,3571194046"
110,3,2,22,"9,06","504.810,57","0,4230769231","0,6","0,5","0,3728813559","0,302","0,428054525"
111,3,2,8,"18,49","487.486,48","0,4269230769","0,6","0,5","0,1355932203","0,6163333333","0,4133645491"
115,3,2,9,"18,86","516.438,97","0,4423076923","0,6","0,5","0,1525423729","0,6286666667","0,4379148361"
112,4,2,32,"23,86","491.230,30","0,4307692308","0,8","0,5","0,5423728814","0,7953333333","0,4165391243"
116,4,2,29,"23,16","534.132,15","0,4461538462","0,8","0,5","0,4915254237","0,772","0,4529177822"
125,3,2,19,"13,33","528.665,38","0,4807692308","0,6","0,5","0,3220338983","0,4443333333","0,4482822302"
119,4,3,39,"5,23","623.664,09","0,4576923077","0,8","0,75","0,6610169492","0,1743333333","0,528836462"
121,4,2,14,"27,94","549.988,58","0,4653846154","0,8","0,5","0,2372881356","0,9313333333","0,4663632546"
123,3,2,18,"6,31","606.199,48","0,4730769231","0,6","0,5","0,3050847458","0,2103333333","0,514027332"
134,4,2,22,"21,17","590.475,14","0,5153846154","0,8","0,5","0,3728813559","0,7056666667","0,5006938654"
129,4,2,27,"4,84","687.203,64","0,4961538462","0,8","0,5","0,4576271186","0,1613333333","0,5827148741"
126,3,2,25,"27,13","502.072,33","0,4846153846","0,6","0,5","0,4237288136","0,9043333333","0,4257326322"
121,3,2,33,"2,31","611.417,27","0,4653846154","0,6","0,5","0,5593220339","0,077","0,5184517612"
124,4,2,15,"17,42","605.140,56","0,4769230769","0,8","0,5","0,2542372881","0,5806666667","0,51312942"
132,3,2,12,"19,77","589.753,28","0,5076923077","0,6","0,5","0,2033898305","0,659","0,5000817637"
131,4,3,21,"2,64","700.309,25","0,5038461538","0,8","0,75","0,3559322034","0,088","0,5938277865"
143,5,2,2,"23,71","648.628,07","0,55",1,"0,5","0,03389830508","0,7903333333","0,5500046887"
140,4,2,24,"6,95","711.694,88","0,5384615385","0,8","0,5","0,406779661","0,2316666667","0,6034822405"
148,4,2,9,"21,15","611.692,71","0,5692307692","0,8","0,5","0,1525423729","0,705","0,5186853208"
145,4,2,36,"13,09","642.690,65","0,5576923077","0,8","0,5","0,6101694915","0,4363333333","0,5449700487"
141,4,2,13,"17,23","617.513,67","0,5423076923","0,8","0,5","0,2203389831","0,5743333333","0,5236212085"
143,4,2,15,"16,90","618.005,55","0,55","0,8","0,5","0,2542372881","0,5633333333","0,5240382985"
154,4,3,20,"24,37","690.936,34","0,5923076923","0,8","0,75","0,3389830508","0,8123333333","0,58588002"
153,4,2,33,"17,89","668.690,62","0,5884615385","0,8","0,5","0,5593220339","0,5963333333","0,567016744"
159,5,4,11,"6,40","830.078,75","0,6115384615",1,1,"0,186440678","0,2133333333","0,7038659374"
164,5,2,8,"27,60","711.746,97","0,6307692308",1,"0,5","0,1355932203","0,92","0,6035264103"
167,4,3,2,"21,77","734.558,22","0,6423076923","0,8","0,75","0,03389830508","0,7256666667","0,6228692279"
162,5,2,41,"9,78","754.125,93","0,6230769231",1,"0,5","0,6949152542","0,326","0,6394616832"
159,4,2,40,"26,09","596.160,91","0,6115384615","0,8","0,5","0,6779661017","0,8696666667","0,5055151186"
163,5,2,40,"5,70","817.880,33","0,6269230769",1,"0,5","0,6779661017","0,19","0,6935222775"
158,4,2,18,"7,04","720.971,84","0,6076923077","0,8","0,5","0,3050847458","0,2346666667","0,6113486462"
169,4,2,12,"29,94","642.456,29","0,65","0,8","0,5","0,2033898305","0,998","0,544771323"
173,4,2,3,"12,75","762.004,54","0,6653846154","0,8","0,5","0,05084745763","0,425","0,6461423568"
174,4,2,18,"25,94","700.018,56","0,6692307692","0,8","0,5","0,3050847458","0,8646666667","0,5935812957"
183,5,4,2,"10,66","905.783,54","0,7038461538",1,1,"0,03389830508","0,3553333333","0,7680598744"
194,5,4,25,"20,04","870.200,25","0,7461538462",1,1,"0,4237288136","0,668","0,7378869953"
200,4,3,5,"1,28","943.444,38","0,7692307692","0,8","0,75","0,08474576271","0,04266666667","0,7999944137"
195,4,2,1,"4,83","898.150,29","0,75","0,8","0,5","0,01694915254","0,161","0,761587254"
201,4,3,38,"30,00","753.495,01","0,7730769231","0,8","0,75","0,6440677966",1,"0,6389266941"
202,5,2,5,"19,70","854.938,44","0,7769230769",1,"0,5","0,08474576271","0,6566666667","0,7249457314"
202,5,4,21,"29,84","857.555,69","0,7769230769",1,1,"0,3559322034","0,9946666667","0,7271650306"
201,5,4,18,"5,00","966.924,56","0,7730769231",1,1,"0,3050847458","0,1666666667","0,819904451"
204,4,2,18,"25,32","797.869,92","0,7846153846","0,8","0,5","0,3050847458","0,844","0,6765544344"
204,4,2,8,"11,86","863.688,90","0,7846153846","0,8","0,5","0,1355932203","0,3953333333","0,7323656909"
204,5,2,22,"8,28","948.049,93","0,7846153846",1,"0,5","0,3728813559","0,276","0,8038996935"
208,4,2,14,"22,79","801.556,06","0,8","0,8","0,5","0,2372881356","0,7596666667","0,6796800997"
216,4,2,16,"10,14","906.509,72","0,8307692308","0,8","0,5","0,2711864407","0,338","0,7686756393"
224,4,2,9,"26,01","877.891,48","0,8615384615","0,8","0,5","0,1525423729","0,867","0,7444087799"
227,4,3,39,"24,75","868.129,71","0,8730769231","0,8","0,75","0,6610169492","0,825","0,7361312793"
223,5,4,24,"16,38","1.010.955,87","0,8576923077",1,1,"0,406779661","0,546","0,8572408354"
230,4,2,14,"21,78","900.654,33","0,8846153846","0,8","0,5","0,2372881356","0,726","0,7637105567"
228,4,2,8,"24,66","912.146,75","0,8769230769","0,8","0,5","0,1355932203","0,822","0,7734555634"
229,5,4,17,"9,42","1.032.431,01","0,8807692308",1,1,"0,2881355932","0,314","0,8754506975"
231,5,2,16,"14,60","981.125,04","0,8884615385",1,"0,5","0,2711864407","0,4866666667","0,8319457594"
227,4,2,22,"6,52","994.118,87","0,8730769231","0,8","0,5","0,3728813559","0,2173333333","0,8429638879"
232,5,4,6,"21,06","1.031.192,52","0,8923076923",1,1,"0,1016949153","0,702","0,8744005189"
226,4,2,43,"3,20","943.804,05","0,8692307692","0,8","0,5","0,7288135593","0,1066666667","0,8002993962"
224,4,2,4,"15,07","942.691,18","0,8615384615","0,8","0,5","0,06779661017","0,5023333333","0,7993557372"
236,4,2,18,"24,81","874.897,78","0,9076923077","0,8","0,5","0,3050847458","0,827","0,7418702696"
236,4,2,10,"11,85","940.881,57","0,9076923077","0,8","0,5","0,1694915254","0,395","0,7978212769"
231,5,4,31,"22,00","997.509,27","0,8884615385",1,1,"0,5254237288","0,7333333333","0,8458387803"
228,5,4,16,"12,83","1.005.917,07","0,8769230769",1,1,"0,2711864407","0,4276666667","0,852968181"
225,5,2,18,"1,25","995.290,96","0,8653846154",1,"0,5","0,3050847458","0,04166666667","0,8439577625"
235,4,2,23,"2,74","992.430,81","0,9038461538","0,8","0,5","0,3898305085","0,09133333333","0,841532496"
235,4,2,13,"23,21","941.095,81","0,9038461538","0,8","0,5","0,2203389831","0,7736666667","0,7980029419"
242,5,2,29,"11,41","1.009.571,38","0,9307692308",1,"0,5","0,4915254237","0,3803333333","0,856066856"
254,4,2,55,"14,68","943.921,57","0,9769230769","0,8","0,5","0,9322033898","0,4893333333","0,8003990473"
250,4,3,39,"27,24","936.699,84","0,9615384615","0,8","0,75","0,6610169492","0,908","0,7942753756"
244,5,2,12,"21,86","964.196,70","0,9384615385",1,"0,5","0,2033898305","0,7286666667","0,81759136"
254,4,3,13,"26,82","956.955,28","0,9769230769","0,8","0,75","0,2203389831","0,894","0,8114509921"
85,2,1,15,"13,38","356.670,49","0,3269230769","0,4","0,25","0,2542372881","0,446","0,3024390262"
82,2,2,12,"26,27","326.602,49","0,3153846154","0,4","0,5","0,2033898305","0,8756666667","0,2769428416"
79,3,2,33,"15,49","378.408,69","0,3038461538","0,6","0,5","0,5593220339","0,5163333333","0,3208719502"
81,3,2,9,"13,28","461.809,65","0,3115384615","0,6","0,5","0,1525423729","0,4426666667","0,3915918607"
82,3,2,8,"25,51","344.808,00","0,3153846154","0,6","0,5","0,1355932203","0,8503333333","0,2923802183"
86,3,2,25,"8,85","469.420,63","0,3307692308","0,6","0,5","0,4237288136","0,295","0,3980455972"
84,3,2,15,"21,17","404.910,29","0,3230769231","0,6","0,5","0,2542372881","0,7056666667","0,343344003"
83,3,2,27,"8,01","480.700,48","0,3192307692","0,6","0,5","0,4576271186","0,267","0,407610355"
90,4,2,10,"1,57","570.978,07","0,3461538462","0,8","0,5","0,1694915254","0,05233333333","0,4841613094"
89,2,2,17,"22,62","371.929,03","0,3423076923","0,4","0,5","0,2881355932","0,754","0,3153775173"
87,3,2,16,"9,71","453.751,50","0,3346153846","0,6","0,5","0,2711864407","0,3236666667","0,3847589459"
97,3,2,15,"21,42","399.283,17","0,3730769231","0,6","0,5","0,2542372881","0,714","0,3385724821"
102,3,2,59,"6,01","523.049,95","0,3923076923","0,6","0,5",1,"0,2003333333","0,4435206218"
114,4,2,34,"10,44","555.808,76","0,4384615385","0,8","0,5","0,5762711864","0,348","0,4712984809"
122,3,2,20,"5,39","616.992,27","0,4692307692","0,6","0,5","0,3389830508","0,1796666667","0,5231790869"
128,4,3,37,"14,63","648.426,77","0,4923076923","0,8","0,75","0,6271186441","0,4876666667","0,5498339962"
137,3,2,15,"16,09","559.917,49","0,5269230769","0,6","0,5","0,2542372881","0,5363333333","0,4747824818"
149,5,4,19,"4,35","795.646,89","0,5730769231",1,1,"0,3220338983","0,145","0,6746694143"
159,5,2,21,"6,11","769.057,00","0,6115384615",1,"0,5","0,3559322034","0,2036666667","0,6521224959"
165,5,4,19,"27,72","733.077,96","0,6346153846",1,1,"0,3220338983","0,924","0,6216140403"
166,4,2,14,"10,36","741.167,68","0,6384615385","0,8","0,5","0,2372881356","0,3453333333","0,6284737248"
162,4,3,29,"12,14","714.829,80","0,6230769231","0,8","0,75","0,4915254237","0,4046666667","0,6061404984"
157,5,2,31,"30,00","665.223,60","0,6038461538",1,"0,5","0,5254237288",1,"0,5640768816"
166,4,3,4,"4,29","840.663,26","0,6384615385","0,8","0,75","0,06779661017","0,143","0,7128410811"
168,4,2,14,"10,96","747.709,34","0,6461538462","0,8","0,5","0,2372881356","0,3653333333","0,6340207306"
179,5,4,14,"1,44","912.086,55","0,6884615385",1,1,"0,2372881356","0,048","0,7734045168"
181,4,2,15,"28,09","738.938,37","0,6961538462","0,8","0,5","0,2542372881","0,9363333333","0,6265833796"
179,4,2,20,"1,22","810.069,01","0,6884615385","0,8","0,5","0,3389830508","0,04066666667","0,6868986624"
178,4,2,23,"9,30","817.312,76","0,6846153846","0,8","0,5","0,3898305085","0,31","0,693041006"
180,4,3,17,"30,00","706.922,32","0,6923076923","0,8","0,75","0,2881355932",1,"0,5994353445"
192,4,3,23,"16,29","842.609,14","0,7384615385","0,8","0,75","0,3898305085","0,543","0,7144910916"
188,4,2,24,"24,89","755.818,81","0,7230769231","0,8","0,5","0,406779661","0,8296666667","0,6408971621"
186,4,2,35,"25,34","747.945,32","0,7153846154","0,8","0,5","0,593220339","0,8446666667","0,63422083"
192,4,2,11,"24,26","798.072,75","0,7384615385","0,8","0,5","0,186440678","0,8086666667","0,6767264242"
203,5,2,10,"1,19","951.756,77","0,7807692308",1,"0,5","0,1694915254","0,03966666667","0,8070429114"
202,5,2,24,"16,63","857.075,69","0,7769230769",1,"0,5","0,406779661","0,5543333333","0,7267580142"
200,5,2,18,"25,72","790.986,80","0,7692307692",1,"0,5","0,3050847458","0,8573333333","0,6707178873"
199,5,2,5,"8,19","929.998,55","0,7653846154",1,"0,5","0,08474576271","0,273","0,7885930114"
205,5,2,11,"22,94","828.986,10","0,7884615385",1,"0,5","0,186440678","0,7646666667","0,702939424"
206,5,4,57,"3,92","964.821,88","0,7923076923",1,1,"0,9661016949","0,1306666667","0,8181214819"
200,5,4,4,"0,95","1.012.375,78","0,7692307692",1,1,"0,06779661017","0,03166666667","0,8584448493"
204,5,2,36,"22,23","816.783,37","0,7846153846",1,"0,5","0,6101694915","0,741","0,6925921094"
214,5,4,8,"25,67","928.640,01","0,8230769231",1,1,"0,1355932203","0,8556666667","0,7874410364"
208,5,2,10,"8,34","937.198,36","0,8",1,"0,5","0,1694915254","0,278","0,7946980961"
211,4,2,15,"13,31","863.579,29","0,8115384615","0,8","0,5","0,2542372881","0,4436666667","0,732272747"
209,5,2,18,"30,00","856.870,87","0,8038461538",1,"0,5","0,3050847458",1,"0,7265843369"
218,5,2,10,"11,27","954.629,08","0,8384615385",1,"0,5","0,1694915254","0,3756666667","0,809478489"
221,4,2,17,"17,65","866.365,98","0,85","0,8","0,5","0,2881355932","0,5883333333","0,734635723"
222,5,2,19,"19,60","949.383,26","0,8538461538",1,"0,5","0,3220338983","0,6533333333","0,8050302917"
229,5,2,15,"22,42","968.424,54","0,8807692308",1,"0,5","0,2542372881","0,7473333333","0,8211763603"
238,4,2,38,"17,04","947.798,83","0,9153846154","0,8","0,5","0,6440677966","0,568","0,803686773"
245,4,2,18,"6,29","1.024.752,11","0,9423076923","0,8","0,5","0,3050847458","0,2096666667","0,8689393681"
243,4,2,19,"3,71","1.059.660,90","0,9346153846","0,8","0,5","0,3220338983","0,1236666667","0,8985403044"
250,4,3,16,"16,41","1.004.142,10","0,9615384615","0,8","0,75","0,2711864407","0,547","0,8514630937"
259,4,2,12,"24,83","962.240,63","0,9961538462","0,8","0,5","0,2033898305","0,8276666667","0,8159327089"
125,3,2,0,"23,40","509.443,48","0,4807692308","0,6","0,5",0,"0,78","0,4319830048"
131,4,2,22,"13,97","613.974,27","0,5038461538","0,8","0,5","0,3728813559","0,4656666667","0,5206199714"
139,4,3,25,"6,00","693.156,75","0,5346153846","0,8","0,75","0,4237288136","0,2","0,5877628184"
144,4,2,12,"18,72","652.695,02","0,5538461538","0,8","0,5","0,2033898305","0,624","0,5534532622"
152,4,3,34,"11,99","687.510,85","0,5846153846","0,8","0,75","0,5762711864","0,3996666667","0,582975373"
163,4,2,18,"22,61","691.213,30","0,6269230769","0,8","0,5","0,3050847458","0,7536666667","0,5861148685"
173,5,4,22,"5,87","916.740,34","0,6653846154",1,1,"0,3728813559","0,1956666667","0,7773507017"
181,4,2,12,"4,40","860.990,52","0,6961538462","0,8","0,5","0,2033898305","0,1466666667","0,7300775974"
183,5,2,12,"11,86","811.052,63","0,7038461538",1,"0,5","0,2033898305","0,3953333333","0,6877327238"
181,5,2,14,"9,64","836.009,66","0,6961538462",1,"0,5","0,2372881356","0,3213333333","0,7088950573"
185,5,4,15,"15,78","881.312,39","0,7115384615",1,1,"0,2542372881","0,526","0,7473095433"
194,5,2,16,"26,40","767.540,00","0,7461538462",1,"0,5","0,2711864407","0,88","0,6508361545"
201,5,2,24,"1,41","970.323,30","0,7730769231",1,"0,5","0,406779661","0,047","0,8227864153"
197,5,2,2,"12,69","916.580,18","0,7576923077",1,"0,5","0,03389830508","0,423","0,7772148939"
209,5,2,4,"25,38","866.544,93","0,8038461538",1,"0,5","0,06779661017","0,846","0,7347874638"
213,4,2,8,"16,15","852.487,14","0,8192307692","0,8","0,5","0,1355932203","0,5383333333","0,7228671496"
216,4,2,20,"4,46","960.169,35","0,8307692308","0,8","0,5","0,3389830508","0,1486666667","0,8141763653"
212,5,2,37,"2,59","977.453,46","0,8153846154",1,"0,5","0,6271186441","0,08633333333","0,8288324402"
212,5,4,23,"22,77","896.312,44","0,8153846154",1,1,"0,3898305085","0,759","0,7600288476"
216,5,2,19,"2,97","994.943,23","0,8307692308",1,"0,5","0,3220338983","0,099","0,8436629046"
220,5,2,16,"10,14","937.393,03","0,8461538462",1,"0,5","0,2711864407","0,338","0,7948631666"
217,5,2,7,"18,97","929.908,83","0,8346153846",1,"0,5","0,1186440678","0,6323333333","0,7885169333"
213,4,3,32,"6,63","920.675,36","0,8192307692","0,8","0,75","0,5423728814","0,221","0,7806874051"
208,4,3,26,"16,24","897.541,80","0,8","0,8","0,75","0,4406779661","0,5413333333","0,7610712844"
203,5,4,5,"18,48","918.476,83","0,7807692308",1,1,"0,08474576271","0,616","0,7788231598"
199,5,2,21,"7,56","901.358,86","0,7653846154",1,"0,5","0,3559322034","0,252","0,7643079635"
211,5,4,34,"11,04","1.008.806,48","0,8115384615",1,1,"0,5762711864","0,368","0,8554182585"
218,5,2,26,"9,20","972.675,39","0,8384615385",1,"0,5","0,4406779661","0,3066666667","0,8247808719"
212,5,4,28,"9,31","999.235,85","0,8153846154",1,1,"0,4745762712","0,3103333333","0,8473028351"
207,5,2,2,"27,54","865.835,84","0,7961538462",1,"0,5","0,03389830508","0,918","0,7341861904"
205,5,2,35,"17,40","852.640,27","0,7884615385",1,"0,5","0,593220339","0,58","0,7229969963"
212,4,3,22,"7,56","903.315,79","0,8153846154","0,8","0,75","0,3728813559","0,252","0,7659673438"
217,5,2,6,"7,09","982.769,33","0,8346153846",1,"0,5","0,1016949153","0,2363333333","0,8333400364"
222,4,2,9,"13,02","915.600,56","0,8538461538","0,8","0,5","0,1525423729","0,434","0,7763842243"
233,4,3,12,"9,96","979.642,17","0,8961538462","0,8","0,75","0,2033898305","0,332","0,8306883586"
229,5,4,22,"9,30","1.065.172,92","0,8807692308",1,1,"0,3728813559","0,31","0,9032142262"
238,5,2,16,"14,34","995.643,63","0,9153846154",1,"0,5","0,2711864407","0,478","0,8442568093"
249,5,4,4,"9,73","1.150.295,72","0,9576923077",1,1,"0,06779661017","0,3243333333","0,9753941723"
251,4,3,11,"13,58","1.009.411,68","0,9653846154","0,8","0,75","0,186440678","0,4526666667","0,8559314383"
252,5,2,40,"19,96","984.589,54","0,9692307692",1,"0,5","0,6779661017","0,6653333333","0,8348834849"
253,4,2,15,"6,56","1.056.823,30","0,9730769231","0,8","0,5","0,2542372881","0,2186666667","0,8961341592"
258,5,4,1,"15,61","1.146.589,41","0,9923076923",1,1,"0,01694915254","0,5203333333","0,9722514037"
167,5,4,29,"4,80","870.057,28","0,6423076923",1,1,"0,4915254237","0,16","0,7377657638"
169,5,2,15,"5,33","864.201,08","0,65",1,"0,5","0,2542372881","0,1776666667","0,7327999943"
163,4,3,25,"25,98","684.357,73","0,6269230769","0,8","0,75","0,4237288136","0,866","0,5803016824"
161,5,4,24,"12,13","826.293,37","0,6192307692",1,1,"0,406779661","0,4043333333","0,7006561214"
169,4,2,18,"12,27","750.710,75","0,65","0,8","0,5","0,3050847458","0,409","0,6365657786"
179,5,4,9,"23,61","802.332,29","0,6884615385",1,1,"0,1525423729","0,787","0,6803383046"
187,5,2,4,"15,10","841.073,43","0,7192307692",1,"0,5","0,06779661017","0,5033333333","0,7131888851"
181,5,2,27,"17,01","826.280,75","0,6961538462",1,"0,5","0,4576271186","0,567","0,7006454203"
188,5,2,15,"16,95","846.607,15","0,7230769231",1,"0,5","0,2542372881","0,565","0,7178812074"
198,5,2,40,"9,54","865.276,88","0,7615384615",1,"0,5","0,6779661017","0,318","0,7337122198"
208,5,2,28,"15,86","872.154,83","0,8",1,"0,5","0,4745762712","0,5286666667","0,739544383"
208,5,4,14,"5,06","983.693,59","0,8",1,1,"0,2372881356","0,1686666667","0,8341237634"
204,5,2,39,"26,39","819.667,02","0,7846153846",1,"0,5","0,6610169492","0,8796666667","0,6950373027"
204,5,2,12,"2,15","983.880,18","0,7846153846",1,"0,5","0,2033898305","0,07166666667","0,8342819825"
212,5,4,26,"10,28","986.795,23","0,8153846154",1,1,"0,4406779661","0,3426666667","0,8367538015"
208,4,2,41,"19,05","823.957,27","0,8","0,8","0,5","0,6949152542","0,635","0,6986752236"
208,4,2,14,"14,12","900.374,32","0,8","0,8","0,5","0,2372881356","0,4706666667","0,763473122"
210,5,2,27,"10,83","895.739,85","0,8076923077",1,"0,5","0,4576271186","0,361","0,7595433195"
214,4,2,17,"19,80","852.250,88","0,8230769231","0,8","0,5","0,2881355932","0,66","0,7226668127"
220,5,2,20,"30,00","859.808,53","0,8461538462",1,"0,5","0,3389830508",1,"0,7290753281"
223,5,2,2,"4,64","990.054,88","0,8576923077",1,"0,5","0,03389830508","0,1546666667","0,8395178243"
225,5,2,46,"28,49","888.738,58","0,8653846154",1,"0,5","0,7796610169","0,9496666667","0,753606587"
234,5,2,15,"7,68","1.042.347,82","0,9",1,"0,5","0,2542372881","0,256","0,8838596644"
236,5,2,11,"17,72","978.264,94","0,9076923077",1,"0,5","0,186440678","0,5906666667","0,8295205353"
235,4,2,39,"30,00","876.953,34","0,9038461538","0,8","0,5","0,6610169492",1,"0,7436132834"
235,4,2,21,"18,21","954.087,75","0,9038461538","0,8","0,5","0,3559322034","0,607","0,8090194678"
245,4,3,11,"3,85","1.056.377,47","0,9423076923","0,8","0,75","0,186440678","0,1283333333","0,8957561173"
249,5,2,36,"3,86","1.095.101,46","0,9576923077",1,"0,5","0,6101694915","0,1286666667","0,9285921555"
260,5,2,0,"5,49","1.144.984,72",1,1,"0,5",0,"0,183","0,9708907056"
256,4,2,15,"24,79","980.454,66","0,9846153846","0,8","0,5","0,2542372881","0,8263333333","0,8313773101"
254,5,2,11,"27,11","963.397,64","0,9769230769",1,"0,5","0,186440678","0,9036666667","0,8169137964"
260,4,2,31,"30,00","939.981,66",1,"0,8","0,5","0,5254237288",1,"0,7970581975"
226,4,2,8,"14,70","898.775,45","0,8692307692","0,8","0,5","0,1355932203","0,49","0,7621173589"
231,4,3,24,"23,16","900.504,17","0,8884615385","0,8","0,75","0,406779661","0,772","0,7635832284"
225,5,2,7,"3,49","1.048.819,45","0,8653846154",1,"0,5","0,1186440678","0,1163333333","0,8893472883"
235,4,2,41,"2,93","958.643,29","0,9038461538","0,8","0,5","0,6949152542","0,09766666667","0,8128823415"
241,5,2,20,"29,58","926.848,28","0,9269230769",1,"0,5","0,3389830508","0,986","0,7859217375"
240,4,2,26,"16,78","927.507,08","0,9230769231","0,8","0,5","0,4406779661","0,5593333333","0,7864803675"
239,4,2,6,"21,87","917.591,21","0,9192307692","0,8","0,5","0,1016949153","0,729","0,7780721976"
234,4,2,19,"7,30","1.003.243,98","0,9","0,8","0,5","0,3220338983","0,2433333333","0,8507015322"
238,4,3,39,"14,33","997.675,91","0,9153846154","0,8","0,75","0,6610169492","0,4776666667","0,8459800828"
236,4,2,12,"10,62","982.331,00","0,9076923077","0,8","0,5","0,2033898305","0,354","0,8329683541"
237,5,2,24,"16,00","971.168,22","0,9115384615",1,"0,5","0,406779661","0,5333333333","0,8235028659"
242,4,3,32,"28,12","937.714,83","0,9307692308","0,8","0,75","0,5423728814","0,9373333333","0,7951360372"
247,4,3,14,"18,92","973.024,75","0,95","0,8","0,75","0,2372881356","0,6306666667","0,825077112"
258,4,2,36,"22,68","935.648,85","0,9923076923","0,8","0,5","0,6101694915","0,756","0,7933841878"
258,5,2,23,"1,59","1.109.873,37","0,9923076923",1,"0,5","0,3898305085","0,053","0,9411180084"
106,4,3,31,"24,01","472.112,54","0,4076923077","0,8","0,75","0,5254237288","0,8003333333","0,4003282044"
103,3,2,18,"26,50","420.733,95","0,3961538462","0,6","0,5","0,3050847458","0,8833333333","0,3567616881"
100,3,2,19,"25,00","434.645,05","0,3846153846","0,6","0,5","0,3220338983","0,8333333333","0,3685576164"
104,4,2,39,"22,19","468.101,66","0,4","0,8","0,5","0,6610169492","0,7396666667","0,3969271756"
113,3,2,2,"16,43","553.668,09","0,4346153846","0,6","0,5","0,03389830508","0,5476666667","0,469483298"
121,4,2,17,"4,95","619.325,29","0,4653846154","0,8","0,5","0,2881355932","0,165","0,5251573731"
123,4,2,14,"13,39","603.977,18","0,4730769231","0,8","0,5","0,2372881356","0,4463333333","0,512142931"
117,4,2,19,"4,66","607.365,17","0,45","0,8","0,5","0,3220338983","0,1553333333","0,5150157798"
114,4,2,10,"20,89","512.938,40","0,4384615385","0,8","0,5","0,1694915254","0,6963333333","0,434946525"
111,4,2,23,"27,66","472.395,78","0,4269230769","0,8","0,5","0,3898305085","0,922","0,400568378"
115,4,2,2,"20,07","572.214,17","0,4423076923","0,8","0,5","0,03389830508","0,669","0,4852094614"
122,3,2,24,"17,88","551.943,64","0,4692307692","0,6","0,5","0,406779661","0,596","0,4680210493"
118,4,3,21,"16,52","612.109,92","0,4538461538","0,8","0,75","0,3559322034","0,5506666667","0,5190390944"
130,3,2,2,"14,60","592.478,43","0,5","0,6","0,5","0,03389830508","0,4866666667","0,5023925568"
131,3,2,16,"30,00","488.014,80","0,5038461538","0,6","0,5","0,2711864407",1,"0,4138125385"
128,4,3,20,"12,33","643.289,57","0,4923076923","0,8","0,75","0,3389830508","0,411","0,5454779034"
134,4,2,32,"29,25","518.744,06","0,5153846154","0,8","0,5","0,5423728814","0,975","0,439869439"
141,4,2,10,"22,55","628.475,20","0,5423076923","0,8","0,5","0,1694915254","0,7516666667","0,5329160466"
136,3,2,23,"10,53","621.160,27","0,5230769231","0,6","0,5","0,3898305085","0,351","0,5267133458"
143,5,2,12,"6,23","757.478,20","0,55",1,"0,5","0,2033898305","0,2076666667","0,6423042432"
144,5,2,16,"4,02","790.888,88","0,5538461538",1,"0,5","0,2711864407","0,134","0,6706348559"
153,5,4,31,"7,07","821.233,23","0,5884615385",1,1,"0,5254237288","0,2356666667","0,6963653717"
161,5,4,18,"20,83","790.693,93","0,6192307692",1,1,"0,3050847458","0,6943333333","0,6704695479"
161,4,2,5,"8,25","728.437,27","0,6192307692","0,8","0,5","0,08474576271","0,275","0,6176789635"
157,4,3,21,"4,11","781.619,87","0,6038461538","0,8","0,75","0,3559322034","0,137","0,6627751915"
152,5,2,10,"1,06","819.944,72","0,5846153846",1,"0,5","0,1694915254","0,03533333333","0,6952727786"
155,4,2,19,"20,81","658.377,21","0,5961538462","0,8","0,5","0,3220338983","0,6936666667","0,5582714798"
163,5,2,23,"21,75","730.157,13","0,6269230769",1,"0,5","0,3898305085","0,725","0,6191373201"
159,5,2,5,"3,32","796.133,67","0,6115384615",1,"0,5","0,08474576271","0,1106666667","0,6750821798"
168,4,2,24,"11,62","732.162,63","0,6461538462","0,8","0,5","0,406779661","0,3873333333","0,6208378855"
175,5,2,0,"4,30","862.710,83","0,6730769231",1,"0,5",0,"0,1433333333","0,7315363357"
170,4,2,25,"5,45","793.125,46","0,6538461538","0,8","0,5","0,4237288136","0,1816666667","0,6725313657"
169,5,2,30,"15,14","760.365,36","0,65",1,"0,5","0,5084745763","0,5046666667","0,6447524128"
176,5,2,13,"18,95","754.037,78","0,6769230769",1,"0,5","0,2203389831","0,6316666667","0,6393869363"
182,5,2,26,"18,11","767.784,78","0,7",1,"0,5","0,4406779661","0,6036666667","0,6510437159"
192,5,2,22,"19,47","831.152,21","0,7384615385",1,"0,5","0,3728813559","0,649","0,7047761787"
201,5,2,1,"4,55","939.709,73","0,7730769231",1,"0,5","0,01694915254","0,1516666667","0,7968276143"
195,4,2,2,"13,73","872.189,03","0,75","0,8","0,5","0,03389830508","0,4576666667","0,7395733829"
206,5,4,34,"2,52","1.024.148,14","0,7923076923",1,1,"0,5762711864","0,084","0,8684272313"
205,5,4,4,"10,82","973.232,75","0,7884615385",1,1,"0,06779661017","0,3606666667","0,8252534858"
200,5,2,2,"29,74","840.159,98","0,7692307692",1,"0,5","0,03389830508","0,9913333333","0,7124143244"
203,4,2,3,"10,92","851.090,52","0,7807692308","0,8","0,5","0,05084745763","0,364","0,7216828845"
210,4,2,9,"27,57","796.515,74","0,8076923077","0,8","0,5","0,1525423729","0,919","0,6754061563"
215,4,3,21,"18,73","856.953,38","0,8269230769","0,8","0,75","0,3559322034","0,6243333333","0,7266543013"
224,4,3,21,"13,27","916.938,22","0,8615384615","0,8","0,75","0,3559322034","0,4423333333","0,7775184942"
225,5,2,5,"1,97","1.068.349,86","0,8653846154",1,"0,5","0,08474576271","0,06566666667","0,905908115"
237,5,4,20,"6,14","1.106.701,65","0,9115384615",1,1,"0,3389830508","0,2046666667","0,9384285459"
243,4,2,13,"17,66","936.104,11","0,9346153846","0,8","0,5","0,2203389831","0,5886666667","0,7937702259"
251,4,2,4,"15,24","998.018,81","0,9653846154","0,8","0,5","0,06779661017","0,508","0,8462708451"
253,4,3,13,"20,43","1.017.596,48","0,9730769231","0,8","0,75","0,2203389831","0,681","0,862871746"
255,5,2,40,"11,94","1.015.687,38","0,9807692308",1,"0,5","0,6779661017","0,398","0,8612529231"
257,4,2,43,"4,42","1.076.668,47","0,9884615385","0,8","0,5","0,7288135593","0,1473333333","0,912961887"
178,4,2,20,"3,79","816.900,93","0,6846153846","0,8","0,5","0,3389830508","0,1263333333","0,6926917945"
174,5,4,25,"7,01","893.472,99","0,6692307692",1,1,"0,4237288136","0,2336666667","0,7576211337"
178,5,4,22,"22,08","817.466,04","0,6846153846",1,1,"0,3728813559","0,736","0,6931709799"
177,4,2,15,"8,72","769.451,48","0,6807692308","0,8","0,5","0,2542372881","0,2906666667","0,6524569955"
178,5,2,14,"11,77","794.404,11","0,6846153846",1,"0,5","0,2372881356","0,3923333333","0,673615598"
183,4,2,32,"27,16","712.330,98","0,7038461538","0,8","0,5","0,5423728814","0,9053333333","0,604021622"
191,5,2,12,"16,91","811.001,05","0,7346153846",1,"0,5","0,2033898305","0,5636666667","0,6876889865"
187,4,3,31,"4,48","838.617,67","0,7192307692","0,8","0,75","0,5254237288","0,1493333333","0,7111065214"
187,4,2,3,"2,36","863.656,83","0,7192307692","0,8","0,5","0,05084745763","0,07866666667","0,7323384971"
189,5,2,5,"3,07","942.738,22","0,7269230769",1,"0,5","0,08474576271","0,1023333333","0,7993956248"
198,5,2,39,"22,74","834.559,43","0,7615384615",1,"0,5","0,6610169492","0,758","0,7076653336"
197,4,3,1,"8,42","927.657,35","0,7576923077","0,8","0,75","0,01694915254","0,2806666667","0,786607789"
198,4,2,6,"3,52","918.419,71","0,7615384615","0,8","0,5","0,1016949153","0,1173333333","0,7787747248"
201,4,2,26,"14,45","855.248,74","0,7730769231","0,8","0,5","0,4406779661","0,4816666667","0,7252088505"
195,4,2,22,"29,26","709.545,33","0,75","0,8","0,5","0,3728813559","0,9753333333","0,6016595279"
201,5,2,15,"4,39","961.474,73","0,7730769231",1,"0,5","0,2542372881","0,1463333333","0,8152832633"
205,5,4,2,"21,39","933.274,51","0,7884615385",1,1,"0,03389830508","0,713","0,7913708643"
209,4,2,1,"20,37","870.986,72","0,8038461538","0,8","0,5","0,01694915254","0,679","0,7385538832"
205,5,2,9,"4,58","982.524,39","0,7884615385",1,"0,5","0,1525423729","0,1526666667","0,8331323393"
210,4,2,27,"18,31","820.655,64","0,8076923077","0,8","0,5","0,4576271186","0,6103333333","0,6958756038"
221,4,2,13,"12,23","948.691,80","0,85","0,8","0,5","0,2203389831","0,4076666667","0,8044439677"
220,4,2,54,"7,27","935.905,64","0,8461538462","0,8","0,5","0,9152542373","0,2423333333","0,7936019331"
230,4,3,21,"30,00","895.290,89","0,8846153846","0,8","0,75","0,3559322034",1,"0,7591626235"
230,4,3,22,"5,33","993.481,28","0,8846153846","0,8","0,75","0,3728813559","0,1776666667","0,8424232429"
225,4,2,0,"5,97","962.852,61","0,8653846154","0,8","0,5",0,"0,199","0,8164516378"
224,4,2,9,"8,08","976.085,97","0,8615384615","0,8","0,5","0,1525423729","0,2693333333","0,8276728759"
228,5,4,12,"28,72","959.913,50","0,8769230769",1,1,"0,2033898305","0,9573333333","0,8139594171"
229,5,2,18,"22,97","932.578,34","0,8807692308",1,"0,5","0,3050847458","0,7656666667","0,7907805464"
241,5,2,40,"11,40","975.612,01","0,9269230769",1,"0,5","0,6779661017","0,38","0,8272709812"
245,5,2,13,"30,00","973.667,83","0,9423076923",1,"0,5","0,2203389831",1,"0,8256224122"
242,4,2,6,"4,83","1.042.247,93","0,9307692308","0,8","0,5","0,1016949153","0,161","0,8837749626"
244,4,2,25,"22,16","959.649,95","0,9384615385","0,8","0,5","0,4237288136","0,7386666667","0,8137359397"
252,4,2,34,"4,89","1.063.972,58","0,9692307692","0,8","0,5","0,5762711864","0,163","0,9021963969"
249,4,2,1,"16,77","982.558,22","0,9576923077","0,8","0,5","0,01694915254","0,559","0,8331610255"
254,5,4,27,"2,99","1.179.313,71","0,9769230769",1,1,"0,4576271186","0,09966666667",1
256,4,3,22,"17,03","1.045.164,10","0,9846153846","0,8","0,75","0,3728813559","0,5676666667","0,8862477313"
147,4,3,28,"19,82","683.815,77","0,5653846154","0,8","0,75","0,4745762712","0,6606666667","0,579842127"
144,4,2,17,"1,79","747.621,93","0,5538461538","0,8","0,5","0,2881355932","0,05966666667","0,6339466112"
153,5,4,23,"2,27","869.839,42","0,5884615385",1,1,"0,3898305085","0,07566666667","0,7375810292"
147,5,4,1,"21,72","712.947,38","0,5653846154",1,1,"0,01694915254","0,724","0,6045442989"
157,4,2,14,"27,08","605.227,69","0,6038461538","0,8","0,5","0,2372881356","0,9026666667","0,5132033019"
169,4,3,10,"23,97","711.236,87","0,65","0,8","0,75","0,1694915254","0,799","0,6030938706"
164,4,2,10,"8,92","723.571,42","0,6307692308","0,8","0,5","0,1694915254","0,2973333333","0,6135529621"
164,5,2,8,"22,89","721.306,19","0,6307692308",1,"0,5","0,1355932203","0,763","0,6116321585"
161,5,2,13,"14,33","748.457,50","0,6192307692",1,"0,5","0,2203389831","0,4776666667","0,6346551335"
162,5,2,30,"12,65","789.048,34","0,6230769231",1,"0,5","0,5084745763","0,4216666667","0,6690741686"
157,4,2,20,"26,42","623.660,17","0,6038461538","0,8","0,5","0,3389830508","0,8806666667","0,528833138"
158,4,2,17,"28,88","647.074,10","0,6076923077","0,8","0,5","0,2881355932","0,9626666667","0,5486869986"
